{
  "fedavg": {
    "algorithm": "fedavg",
    "round": [
      1,
      15,
      30,
      45,
      60,
      75,
      90,
      105,
      120,
      135,
      150
    ],
    "accuracy": [
      0.1,
      0.1022,
      0.1193,
      0.119,
      0.1383,
      0.125,
      0.1404,
      0.1202,
      0.1333,
      0.1302,
      0.1498
    ],
    "loss": [
      2.685687890625,
      2.5576546875,
      2.473825390625,
      2.50524609375,
      2.52290087890625,
      2.619441796875,
      2.45607578125,
      2.6028248046875,
      2.5079625,
      2.44746748046875,
      2.51816337890625
    ],
    "epsilon": [
      2.2034679347544492,
      4.0592108889414,
      5.111032407033783,
      5.95642691660783,
      6.69370522472122,
      7.362953648815354,
      7.981594379881473,
      8.56307371453546,
      9.113240973889615,
      9.639914829049783,
      10.146283517821455
    ],
    "dp_enabled": true,
    "dp_clip_norm": 0.2,
    "dp_noise_multiplier": 0.95,
    "dp_target_epsilon": null,
    "dp_delta": 2e-05,
    "dp_sample_rate": 0.1,
    "dp_source": "sigma"
  },
  "fednsam": {
    "algorithm": "fednsam",
    "round": [
      1,
      15,
      30,
      45,
      60,
      75,
      90,
      105,
      120,
      135,
      150
    ],
    "accuracy": [
      0.1,
      0.098,
      0.0895,
      0.0969,
      0.0932,
      0.0923,
      0.1029,
      0.1055,
      0.1021,
      0.114,
      0.1081
    ],
    "loss": [
      2.6204453125,
      3.72953681640625,
      5.641811315917969,
      5.2774356079101565,
      4.722534411621094,
      5.147032763671875,
      5.838529455566406,
      6.874711767578125,
      6.122098962402344,
      5.1766285339355465,
      5.496162438964844
    ],
    "epsilon": [
      2.2034679347544492,
      4.0592108889414,
      5.111032407033783,
      5.95642691660783,
      6.69370522472122,
      7.362953648815354,
      7.981594379881473,
      8.56307371453546,
      9.113240973889615,
      9.639914829049783,
      10.146283517821455
    ],
    "dp_enabled": true,
    "dp_clip_norm": 0.2,
    "dp_noise_multiplier": 0.95,
    "dp_target_epsilon": null,
    "dp_delta": 2e-05,
    "dp_sample_rate": 0.1,
    "dp_source": "sigma"
  },
  "fedsam": {
    "algorithm": "fedsam",
    "round": [
      1,
      15,
      30,
      45,
      60,
      75,
      90,
      105,
      120,
      135,
      150
    ],
    "accuracy": [
      0.1,
      0.1003,
      0.1357,
      0.1161,
      0.1169,
      0.1222,
      0.1178,
      0.1235,
      0.1355,
      0.1378,
      0.1225
    ],
    "loss": [
      2.626005078125,
      2.4557296875,
      2.44609140625,
      2.429778515625,
      2.554371875,
      2.6638591796875,
      2.4934931640625,
      2.5235458984375,
      2.4313755859375,
      2.440317578125,
      2.507068359375
    ],
    "epsilon": [
      2.2034679347544492,
      4.0592108889414,
      5.111032407033783,
      5.95642691660783,
      6.69370522472122,
      7.362953648815354,
      7.981594379881473,
      8.56307371453546,
      9.113240973889615,
      9.639914829049783,
      10.146283517821455
    ],
    "dp_enabled": true,
    "dp_clip_norm": 0.2,
    "dp_noise_multiplier": 0.95,
    "dp_target_epsilon": null,
    "dp_delta": 2e-05,
    "dp_sample_rate": 0.1,
    "dp_source": "sigma"
  }
}