{
  "fedavg": {
    "algorithm": "fedavg",
    "round": [
      1,
      20,
      40,
      60,
      80,
      100,
      120,
      140,
      160,
      180,
      200,
      220,
      240,
      260,
      280,
      300
    ],
    "accuracy": [
      0.1001,
      0.1017,
      0.1005,
      0.1382,
      0.1117,
      0.1307,
      0.1825,
      0.1832,
      0.1953,
      0.1364,
      0.1495,
      0.1762,
      0.1979,
      0.1994,
      0.153,
      0.1375
    ],
    "loss": [
      2.6202315780639647,
      2.6749258995056153,
      2.5521678310394287,
      2.497344490814209,
      2.6350490356445313,
      2.637453821182251,
      2.3197937049865724,
      2.3635696647644044,
      2.331451078033447,
      2.460813667678833,
      2.330938723373413,
      2.2620143058776856,
      2.213588634109497,
      2.2316545890808106,
      2.348028852844238,
      2.6169475425720217
    ],
    "epsilon": [
      2.2034679347544492,
      4.445708007750741,
      5.689646172244201,
      6.69370522472122,
      7.573671469473963,
      8.372183644982531,
      9.113240973889615,
      9.811254537553289,
      10.472316162449653,
      11.106532060494011,
      11.716518952983582,
      12.304904394990043,
      12.874357270701413,
      13.427621641287194,
      13.967555112630311,
      14.49717319747425
    ],
    "dp_enabled": true,
    "dp_clip_norm": 0.2,
    "dp_noise_multiplier": 0.95,
    "dp_target_epsilon": null,
    "dp_delta": 2e-05,
    "dp_sample_rate": 0.1,
    "dp_source": "sigma"
  },
  "fednsam": {
    "algorithm": "fednsam",
    "round": [
      1,
      20,
      40,
      60,
      80,
      100,
      120,
      140,
      160,
      180,
      200,
      220
    ],
    "accuracy": [
      0.0998,
      0.1028,
      0.1057,
      0.1,
      0.1004,
      0.1011,
      0.1,
      0.1,
      0.1196,
      0.1006,
      0.0876,
      0.1022
    ],
    "loss": [
      2.544205674362183,
      6.412685947418213,
      6.735528637695312,
      17.626635467529297,
      18.015153926086427,
      15.869795553588867,
      34.576758624267576,
      43.67876561279297,
      15.052638446044922,
      24.104206506347655,
      17.707753915405274,
      15.94838555908203
    ],
    "epsilon": [
      2.2034679347544492,
      4.445708007750741,
      5.689646172244201,
      6.69370522472122,
      7.573671469473963,
      8.372183644982531,
      9.113240973889615,
      9.811254537553289,
      10.472316162449653,
      11.106532060494011,
      11.716518952983582,
      12.304904394990043
    ],
    "dp_enabled": true,
    "dp_clip_norm": 0.2,
    "dp_noise_multiplier": 0.95,
    "dp_target_epsilon": null,
    "dp_delta": 2e-05,
    "dp_sample_rate": 0.1,
    "dp_source": "sigma"
  },
  "fedsam": {
    "algorithm": "fedsam",
    "round": [
      1,
      20,
      40,
      60
    ],
    "accuracy": [
      0.0994,
      0.1,
      0.1046,
      0.1198
    ],
    "loss": [
      2.6671197288513184,
      2.652751634979248,
      2.8374049659729006,
      2.3678664237976075
    ],
    "epsilon": [
      2.2034679347544492,
      4.445708007750741,
      5.689646172244201,
      6.69370522472122
    ],
    "dp_enabled": true,
    "dp_clip_norm": 0.2,
    "dp_noise_multiplier": 0.95,
    "dp_target_epsilon": null,
    "dp_delta": 2e-05,
    "dp_sample_rate": 0.1,
    "dp_source": "sigma"
  }
}