{
  "fedavg": {
    "algorithm": "fedavg",
    "round": [
      1,
      20,
      40,
      60,
      80,
      100
    ],
    "accuracy": [
      0.0104,
      0.1347,
      0.2134,
      0.2664,
      0.2997,
      0.3111
    ],
    "loss": [
      4.606828223419189,
      3.6628651927947997,
      3.240162033843994,
      2.9540526138305663,
      2.7806232677459715,
      2.7375696533203127
    ]
  },
  "fedsam": {
    "algorithm": "fedsam",
    "round": [
      1,
      20,
      40,
      60,
      80,
      100
    ],
    "accuracy": [
      0.0097,
      0.1153,
      0.1617,
      0.2104,
      0.2317,
      0.2421
    ],
    "loss": [
      4.611314324188233,
      3.762802137756348,
      3.4820199241638186,
      3.258206903076172,
      3.1197339248657228,
      3.0927088871002195
    ]
  },
  "fednsam": {
    "algorithm": "fednsam",
    "round": [
      1,
      20,
      40,
      60,
      80,
      100
    ],
    "accuracy": [
      0.0097,
      0.1533,
      0.253,
      0.3445,
      0.3946,
      0.4086
    ],
    "loss": [
      4.611314324188233,
      3.530718251800537,
      2.9819793853759764,
      2.556326222229004,
      2.3132605262756347,
      2.2308333724975586
    ]
  }
}