{
  "fedavg": {
    "algorithm": "fedavg",
    "round": [
      1,
      15,
      30,
      45,
      60,
      75,
      90,
      105,
      120,
      135,
      150
    ],
    "accuracy": [
      0.1,
      0.1022,
      0.1193,
      0.119,
      0.1383,
      0.125,
      0.1404,
      0.1202,
      0.1333,
      0.1302,
      0.1498
    ],
    "loss": [
      2.685687890625,
      2.5576546875,
      2.473825390625,
      2.50524609375,
      2.52290087890625,
      2.619441796875,
      2.45607578125,
      2.6028248046875,
      2.5079625,
      2.44746748046875,
      2.51816337890625
    ],
    "epsilon": [
      2.2034679347544492,
      4.0592108889414,
      5.111032407033783,
      5.95642691660783,
      6.69370522472122,
      7.362953648815354,
      7.981594379881473,
      8.56307371453546,
      9.113240973889615,
      9.639914829049783,
      10.146283517821455
    ],
    "dp_enabled": true,
    "dp_clip_norm": 0.2,
    "dp_noise_multiplier": 0.95,
    "dp_target_epsilon": null,
    "dp_delta": 2e-05,
    "dp_sample_rate": 0.1,
    "dp_source": "sigma"
  },
  "fednsam": {
    "algorithm": "fednsam",
    "round": [
      1,
      15,
      30,
      45
    ],
    "accuracy": [
      0.1,
      0.098,
      0.0895,
      0.0969
    ],
    "loss": [
      2.6204453125,
      3.72953681640625,
      5.641811315917969,
      5.2774356079101565
    ],
    "epsilon": [
      2.2034679347544492,
      4.0592108889414,
      5.111032407033783,
      5.95642691660783
    ],
    "dp_enabled": true,
    "dp_clip_norm": 0.2,
    "dp_noise_multiplier": 0.95,
    "dp_target_epsilon": null,
    "dp_delta": 2e-05,
    "dp_sample_rate": 0.1,
    "dp_source": "sigma"
  }
}